repository,repo_url,commit_hash,author,date,message,green_aware,patterns_matched,pattern_count,confidence,files_modified,insertions,deletions,dmm_unit_size,dmm_unit_complexity,dmm_unit_interfacing,total_nloc,total_complexity,methods_count,energy_joules
S2-group/UPISAS,https://github.com/S2-group/UPISAS,26e85831a7e20408422a19b2a9a5eb1e10429c96,Ilias Gerostathopoulos,2023-10-15T15:46:55+03:00,Initial commit,False,,0,low,2,203,0,,,,0,0,0,
S2-group/UPISAS,https://github.com/S2-group/UPISAS,7bdb5f8a76e3900c84c139530f17387b1e4dd434,Ilias Gerostathopoulos,2023-10-15T14:51:40+02:00,"adding gitignore, updating readme",False,,0,low,2,8,1,,,,0,0,0,
S2-group/UPISAS,https://github.com/S2-group/UPISAS,2d4bfdcca77bf48e260403fba8b7cdb0ce054b0f,Ilias Gerostathopoulos,2023-10-15T15:10:43+02:00,"adding test node application, updating README",False,,0,low,5,117,4,0.22666666666666666,1.0,1.0,80,8,5,
S2-group/UPISAS,https://github.com/S2-group/UPISAS,0be88f9268f4fbae14a0a24bcaacbf6507bceeff,Ilias Gerostathopoulos,2023-10-15T15:13:07+02:00,adding first version of UPISAS,False,,0,low,8,307,0,0.8924050632911392,1.0,0.8607594936708861,191,44,17,
S2-group/UPISAS,https://github.com/S2-group/UPISAS,8cd0c08f644b7b88520bc5b1edfabef362d6dfe8,Ilias Gerostathopoulos,2023-10-15T15:33:56+02:00,git ignoring venv and __pycache__ folders,True,Cache Static Data,1,medium,1,2,0,,,,0,0,0,
S2-group/UPISAS,https://github.com/S2-group/UPISAS,1ed8839c6e258b15f6e71c7332ae1db9d2374492,Ilias Gerostathopoulos,2023-10-15T17:42:50+02:00,whitespace changes,False,,0,low,1,4,4,,,,108,25,9,
S2-group/UPISAS,https://github.com/S2-group/UPISAS,a15455b7bd12edc33e2b9a470aa2435c489e5b35,Ilias Gerostathopoulos,2023-10-15T20:59:15+02:00,capturing connection and 404 error when starting up,True,Resource Limits & Constraints,1,medium,2,23,2,1.0,1.0,1.0,136,33,11,
S2-group/UPISAS,https://github.com/S2-group/UPISAS,7bbef63900a43ef81ce243a92543fb6c05e40116,EGAlberts,2023-10-15T21:13:28+02:00,"re-structuring, logging, docstrings",False,,0,low,7,149,9,0.5377358490566038,1.0,0.8490566037735849,209,48,18,
S2-group/UPISAS,https://github.com/S2-group/UPISAS,48239ff7d93d18013975420298f8afc542af4979,EGAlberts,2023-10-15T21:15:13+02:00,whoops,False,,0,low,1,0,121,0.16666666666666666,0.0,0.12745098039215685,0,0,0,
S2-group/UPISAS,https://github.com/S2-group/UPISAS,82167a9aae8d3ce01e4f4c7050766fb79d7bfb5d,Ilias Gerostathopoulos,2023-10-15T22:25:02+02:00,"simplifying perform_get_request util function, adding validate_schema util function",True,"Avoid Chaining Critical Requests, Keep Request Counts Low, Use Serverless, Performance Profiling",4,high,4,43,41,1.0,0.0,1.0,187,41,17,
S2-group/UPISAS,https://github.com/S2-group/UPISAS,2503903e27ab64535194659d1a2380e3b5aa9c6c,Ilias Gerostathopoulos,2023-10-17T09:38:53+02:00,unit tests initial commit (not complete suite yet),False,,0,low,3,30,1,1.0,1.0,1.0,49,10,5,
S2-group/UPISAS,https://github.com/S2-group/UPISAS,b3516cc72e78a172cb4140eadc24e0d2213224c5,Ilias Gerostathopoulos,2023-10-17T14:54:45+02:00,"some more tests, moving http-test-server into the UPISAS/test folder",False,Keep Request Counts Low,1,medium,8,142,10,0.4727272727272727,1.0,1.0,257,46,23,
S2-group/UPISAS,https://github.com/S2-group/UPISAS,ee2d8940e995ce0bff79994d498a42ff1e21b600,Ilias Gerostathopoulos,2023-10-17T15:10:44+02:00,making all file (module) names lowercase with underscores,False,,0,low,7,46,46,,,,235,52,25,
S2-group/UPISAS,https://github.com/S2-group/UPISAS,a2db97d7d1d93d84204dfc6ef73447d529c4929c,Ilias Gerostathopoulos,2023-10-17T15:55:06+02:00,adding exemplar lifecycle tests,False,Set Retention Policy on Storage,1,medium,2,56,2,1.0,1.0,1.0,77,14,12,
S2-group/UPISAS,https://github.com/S2-group/UPISAS,8358347bf5d70b188b80ccbe2ca2aa55a6946f7f,Ilias Gerostathopoulos,2023-10-17T22:27:47+02:00,first complete set of unit tests,False,,0,low,13,205,80,0.05263157894736842,1.0,0.8947368421052632,473,69,45,
S2-group/UPISAS,https://github.com/S2-group/UPISAS,3405e5c99ec5b965e67e92b113105b306ec866a2,Ilias Gerostathopoulos,2023-10-19T11:57:55+02:00,busy loop for trying to connect to server in tests,False,,0,low,2,19,8,1.0,1.0,1.0,57,11,8,
S2-group/UPISAS,https://github.com/S2-group/UPISAS,a265dea32db918ae9f451ba275fc0924469507db,EGAlberts,2023-10-19T14:31:18+02:00,"fix tests and run, container transition",True,Containerize Your Workload,1,medium,9,99,49,0.2,1.0,0.2,450,62,33,
S2-group/UPISAS,https://github.com/S2-group/UPISAS,35f3c09a4f0685967ba7f082c8d0c0ce6fd8fc0a,EGAlberts,2023-10-19T16:41:49+02:00,Fixing the tests,False,,0,low,3,37,30,0.0,0.0,0.25,193,40,19,
S2-group/UPISAS,https://github.com/S2-group/UPISAS,d8b06ffbe26dcf7c9900d8468dbbbc5ca7645e71,Ilias Gerostathopoulos,2023-10-21T09:51:47+02:00,adding instructions of how to run unit tests in README,False,,0,low,2,15,12,,,,45,9,9,
S2-group/UPISAS,https://github.com/S2-group/UPISAS,c5596d399c5b67c5a028cea6ea80f56fb67a74ef,Elvin,2023-10-21T18:19:44+02:00,"proof of concept http through docker, test TBD",True,"Containerize Your Workload, Keep Request Counts Low",2,high,8,93,38,1.0,1.0,0.46153846153846156,323,59,35,
S2-group/UPISAS,https://github.com/S2-group/UPISAS,712f672a34a68692359f62b437acd47be2031935,Ilias Gerostathopoulos,2023-10-22T13:22:07+02:00,cleanup,True,"Delete Unused Storage Resources, Remove Unused Assets",2,high,2,7,33,,,,143,28,10,
S2-group/UPISAS,https://github.com/S2-group/UPISAS,f3ca3802fe0475d97429335173ad82fef47cd588,Ilias Gerostathopoulos,2023-10-22T20:16:36+02:00,"dockerizing demo managed system, moving adaptations and monitor and execute schema to strategy from ",True,"Containerize Your Workload, Use Cloud Native Security Tools",2,high,28,415,492,1.0,0.0,0.0,508,100,59,
S2-group/UPISAS,https://github.com/S2-group/UPISAS,dab92fb88b085d686e7b1e8475155ca46b7a13fb,Ilias Gerostathopoulos,2023-10-22T20:20:10+02:00,updating readme for demo managed system,False,Use Cloud Native Security Tools,1,medium,1,4,0,,,,0,0,0,
S2-group/UPISAS,https://github.com/S2-group/UPISAS,8cd3d5050a1db41928818968508b715240f725d4,Ilias Gerostathopoulos,2023-10-23T21:12:39+02:00,cleanup,True,"Delete Unused Storage Resources, Remove Unused Assets",2,high,2,4,7,1.0,1.0,1.0,117,25,6,
S2-group/UPISAS,https://github.com/S2-group/UPISAS,c9f38c39a1eed1d2d24af9e8ed10fc5c5a27bbe7,Ilias Gerostathopoulos,2023-10-23T21:13:37+02:00,changing possible_adaptations endpoint to adaptation_options and adapation_optins_schema,False,,0,low,4,76,41,0.6666666666666666,1.0,1.0,295,52,39,
S2-group/UPISAS,https://github.com/S2-group/UPISAS,c2cb3b8d91de92cb9c4209bb03373562cefd49fa,Ilias Gerostathopoulos,2023-10-23T22:57:04+02:00,"enhancing validation of json schema, reworking tests",False,,0,low,3,141,61,0.3026315789473684,0.7763157894736842,1.0,284,55,36,
S2-group/UPISAS,https://github.com/S2-group/UPISAS,821d46d11b70eaeff39757fabd6db9c97fa03f6c,Ilias Gerostathopoulos,2023-10-24T10:08:02+02:00,giving demo exemplar semantics of optimizing f fuction,False,,0,low,1,54,52,1.0,0.0,0.0,97,11,8,
S2-group/UPISAS,https://github.com/S2-group/UPISAS,ac11108e209373d43fc0219e30d5ff2feebb65b2,Ilias Gerostathopoulos,2023-10-25T14:04:35+02:00,"changing post to put, demo app returning 1calculated value instead of 2 predefined ones, making test",False,,0,low,5,32,31,1.0,0.0,0.0,364,57,43,
S2-group/UPISAS,https://github.com/S2-group/UPISAS,bd10d60e54b6646aa953bcc4352c8a60699f9e5b,Ilias Gerostathopoulos,2023-10-25T15:31:18+02:00,renaming folder of unit tests from demo to upisas,False,,0,low,4,272,2,1.0,1.0,0.9560975609756097,221,40,34,
S2-group/UPISAS,https://github.com/S2-group/UPISAS,5fb1a781c0249bf51b10d85742c26607d999298c,Ilias Gerostathopoulos,2023-10-25T15:31:35+02:00,removing old demo unit tests,False,,0,low,3,0,272,0.0,0.0,0.04390243902439024,0,0,0,
S2-group/UPISAS,https://github.com/S2-group/UPISAS,818766f1d48d72be39cd5cd8088c667a5b888e83,Ilias Gerostathopoulos,2023-10-25T15:32:37+02:00,making dockerhub search work with tags,True,Containerize Your Workload,1,medium,1,1,1,,,,107,25,6,
S2-group/UPISAS,https://github.com/S2-group/UPISAS,9bd4456de0b800a834af373edc7657da5bbf95a3,Ilias Gerostathopoulos,2023-10-25T20:10:46+02:00,demo managed system - small changes in json schema and unit tests,False,Use Cloud Native Security Tools,1,medium,2,6,8,1.0,0.0,0.0,263,37,30,
S2-group/UPISAS,https://github.com/S2-group/UPISAS,6da0a6fa26c21e8ab791f8b4b0131ee524ff59b8,Ilias Gerostathopoulos,2023-10-25T20:11:35+02:00,unit tests for swim + auxiliary empty strategy used for testing,False,,0,low,5,94,8,1.0,1.0,1.0,156,36,27,
S2-group/UPISAS,https://github.com/S2-group/UPISAS,0dfc667768f35f93a7e2f3763ec92bf11ac8f0af,Ilias Gerostathopoulos,2023-10-28T12:49:46+02:00,template for openapi specs,False,,0,low,1,63,15,,,,0,0,0,
S2-group/UPISAS,https://github.com/S2-group/UPISAS,79bc1419d01fa2f5650c277294131bced3ddefa6,Ilias Gerostathopoulos,2023-10-29T15:40:47+01:00,updating exception logic for json validation,False,,0,low,6,78,75,1.0,0.0,0.0,455,98,54,
S2-group/UPISAS,https://github.com/S2-group/UPISAS,cefe58d49141751e64d2675658d9bb758961b67e,Ilias Gerostathopoulos,2023-10-30T17:55:24+01:00,adding swim tests to readme,False,,0,low,1,3,0,,,,0,0,0,
S2-group/UPISAS,https://github.com/S2-group/UPISAS,1765a4c79455e03f809bbcb01e64ba20c9c595c3,Ilias Gerostathopoulos,2023-10-30T17:55:39+01:00,adding start_run method to exemplar,False,,0,low,1,5,1,1.0,1.0,1.0,110,26,7,
S2-group/UPISAS,https://github.com/S2-group/UPISAS,fb123a599c2b607234287aeaaeb6876f5dbd45c8,Jorit de Weerdt,2023-11-18T21:19:50+01:00,Adjust docker daemon error message,True,Containerize Your Workload,1,medium,2,4,5,1.0,1.0,1.0,121,26,7,
S2-group/UPISAS,https://github.com/S2-group/UPISAS,e890d10aa70279d23cbff4362aca4a931a2d580d,Jorit de Weerdt,2023-11-18T21:30:59+01:00,Remove DockerDaemon exception,True,"Containerize Your Workload, Delete Unused Storage Resources, Remove Unused Assets",3,high,2,4,7,1.0,1.0,1.0,118,26,7,
S2-group/UPISAS,https://github.com/S2-group/UPISAS,6e0e19b6187c868d3c5958372a980c3c83196759,Qi-Mo Lin,2023-11-29T21:09:54+01:00,fix execute strategy,False,,0,low,1,5,2,,,,68,18,11,
S2-group/UPISAS,https://github.com/S2-group/UPISAS,3331f3c79a9ece0e838eeb1e1d2e3badf266a406,Ilias Gerostathopoulos,2024-10-28T15:15:18+02:00,"Revert ""fix execute strategy""",False,,0,low,1,2,5,,,,68,18,11,
S2-group/UPISAS,https://github.com/S2-group/UPISAS,d6719aaf957abbe68c6b5622d7b34d20f5b79cca,EGAlberts,2024-10-28T18:53:05+01:00,first attempt experiment_runner integration,False,,0,low,9,363,108,0.46564885496183206,0.732824427480916,0.9694656488549618,318,70,29,
S2-group/UPISAS,https://github.com/S2-group/UPISAS,4ac123c4514fb2437f56a7bd87aa76aec8ef2b8c,Ilias Gerostathopoulos,2024-10-28T21:34:35+01:00,fixing path to experiment runner,False,,0,low,1,1,1,,,,0,0,0,
S2-group/UPISAS,https://github.com/S2-group/UPISAS,776352167f393ff5f6cbfe2b8723f7c66a2f2d38,Ilias Gerostathopoulos,2024-10-28T21:35:03+01:00,updating README with instuctions to use experiment runner,False,,0,low,2,12,6,,,,0,0,0,
S2-group/UPISAS,https://github.com/S2-group/UPISAS,943abefb129e61653f71b41f4b8a4f61bdd5f03b,Ilias Gerostathopoulos,2024-10-28T21:36:41+01:00,fixing broken tests,False,,0,low,2,10,10,1.0,1.0,0.0,220,41,35,
S2-group/UPISAS,https://github.com/S2-group/UPISAS,bdc866b6c149c38d2ffcc1f9330928b3451932a2,Ilias Gerostathopoulos,2024-10-28T21:43:33+01:00,git ignoring experiments folder where experiments results are stored,False,Compress Stored Data,1,medium,1,1,0,,,,0,0,0,
S2-group/UPISAS,https://github.com/S2-group/UPISAS,63d7b6606fc04c447cfa9957339e07be5c053757,Elvin,2024-11-05T15:45:32+01:00,Update README.md,False,,0,low,1,2,2,,,,0,0,0,
S2-group/experiment-runner,https://github.com/S2-group/experiment-runner,85eca66ac90a5dd54b9c2e2f87da902ea519a0d3,Ivano Malavolta,2022-06-20T11:40:52+02:00,Initial commit,False,,0,low,63,3224,0,0.7213452299245025,0.7652711050102952,0.8345916266300618,2088,436,241,
S2-group/experiment-runner,https://github.com/S2-group/experiment-runner,05bca1006a47c30cc0d09eddf571309ab4777142,Ivano Malavolta,2022-06-20T11:46:57+02:00,Add WIP indication,False,,0,low,1,2,0,,,,0,0,0,
S2-group/experiment-runner,https://github.com/S2-group/experiment-runner,f2967572e83463431df533753a11286720a3cb95,nikosChalk,2022-06-24T18:39:35+03:00,discarding robot related stuff,False,,0,low,21,111,149,0.7083333333333334,1.0,0.0,697,127,76,
S2-group/experiment-runner,https://github.com/S2-group/experiment-runner,381ddcc1fb6c9c5fbb0b786e6f86ec4e3620098d,nikosChalk,2022-06-24T18:39:51+03:00,requirements.txt,False,,0,low,1,2,0,,,,0,0,0,
S2-group/experiment-runner,https://github.com/S2-group/experiment-runner,081cbcc836d9eda65971ba0ddd5f7faa6b01a66b,nikosChalk,2022-06-24T19:00:30+03:00,folder renaming,False,,0,low,41,0,0,,,,0,0,0,
S2-group/experiment-runner,https://github.com/S2-group/experiment-runner,78bd3161b65e49cd747c48bb4a8f16c0473e72fe,nikosChalk,2022-06-24T19:10:02+03:00,.gitignore,False,,0,low,1,5,1,,,,0,0,0,
S2-group/experiment-runner,https://github.com/S2-group/experiment-runner,19f5951ea26a4b44529857f2c8492abaefa3d8c6,nikosChalk,2022-06-24T19:10:20+03:00,readme,False,,0,low,1,3,3,,,,0,0,0,
S2-group/experiment-runner,https://github.com/S2-group/experiment-runner,43b01797d9468dce0c051ce1d319dc5d88efe201,nikosChalk,2022-07-01T00:53:04+03:00,cleanup & renaming,True,"Delete Unused Storage Resources, Remove Unused Assets",2,high,30,3,568,0.38175675675675674,0.2972972972972973,0.30743243243243246,206,28,26,
S2-group/experiment-runner,https://github.com/S2-group/experiment-runner,ba2d46a0e5e550ec2756cddfa99829a6c10ea011,nikosChalk,2022-07-01T00:54:24+03:00,more cleanup,True,"Delete Unused Storage Resources, Remove Unused Assets",2,high,17,0,1208,0.1646234676007005,0.18038528896672504,0.138353765323993,0,0,0,
S2-group/experiment-runner,https://github.com/S2-group/experiment-runner,65032b4b81456259c82c343dd6c0108b7e06b6d2,nikosChalk,2022-07-01T02:41:00+03:00,friendlier user code,False,,0,low,1,10,8,,,,29,2,1,
S2-group/experiment-runner,https://github.com/S2-group/experiment-runner,457784e50707e1b8ee15536681a9c6337d1ce9cc,nikosChalk,2022-07-01T03:06:54+03:00,changed events order,False,Scale Kubernetes Workloads Based on Events,1,medium,1,5,4,,,,29,2,1,
S2-group/experiment-runner,https://github.com/S2-group/experiment-runner,17229faff6dddbc37bf3ba7c72ce143424bd9b4f,nikosChalk,2022-07-01T03:07:56+03:00,removed unecessary state,False,"Delete Unused Storage Resources, Implement Stateless Design, Remove Unused Assets",3,high,1,10,6,0.0,0.0,1.0,44,16,5,
S2-group/experiment-runner,https://github.com/S2-group/experiment-runner,256fa894acce01fe024130a47310d8a084ce8120,nikosChalk,2022-07-01T03:33:21+03:00,sample config fixes,False,,0,low,1,52,40,1.0,1.0,1.0,62,11,11,
S2-group/experiment-runner,https://github.com/S2-group/experiment-runner,55071173f3ac4ed38694ae404b9a50ec6e1c1e23,nikosChalk,2022-07-01T03:33:32+03:00,type fix,False,,0,low,1,3,3,,,,44,16,5,
S2-group/experiment-runner,https://github.com/S2-group/experiment-runner,e5d45ccf116091f9929c281e9de5e5766e7ee927,nikosChalk,2022-07-01T03:34:18+03:00,renaming,False,,0,low,1,2,2,,,,102,23,13,
S2-group/experiment-runner,https://github.com/S2-group/experiment-runner,313a96d7267366098d4f39c880c362c6ff3322db,nikosChalk,2022-07-01T04:13:32+03:00,linux-top example,False,,0,low,7,262,12,0.7142857142857143,0.7142857142857143,1.0,268,49,27,
S2-group/experiment-runner,https://github.com/S2-group/experiment-runner,848d22f3ff2f2010f214378aa6927c2b950dbf19,nikosChalk,2022-07-01T04:14:00+03:00,.gitignore,False,,0,low,1,2,1,,,,0,0,0,
S2-group/experiment-runner,https://github.com/S2-group/experiment-runner,52e1a9f34ac17568c9e6d3645b726656a1b849fa,nikosChalk,2022-07-01T04:21:23+03:00,linux-top --> linux-ps-profiling,True,Performance Profiling,1,medium,5,0,0,,,,0,0,0,
S2-group/experiment-runner,https://github.com/S2-group/experiment-runner,de6891c6191bb26951043ce4f1b695a11e23295d,nikosChalk,2022-07-01T04:21:35+03:00,.gitignore,False,,0,low,1,1,1,,,,0,0,0,
S2-group/experiment-runner,https://github.com/S2-group/experiment-runner,9b3ce7272741d0aa9a1d0b415aa7a9a344bb546c,nikosChalk,2022-07-01T04:24:19+03:00,hello world example,False,,0,low,1,121,0,1.0,1.0,1.0,63,11,11,
S2-group/experiment-runner,https://github.com/S2-group/experiment-runner,4afd1d1ba49d3ac2b86587d7885e54ce2aff8977,nikosChalk,2022-07-01T11:37:18+03:00,examples readmes,False,,0,low,3,39,1,,,,0,0,0,
S2-group/experiment-runner,https://github.com/S2-group/experiment-runner,d3407119d1e427d2bd2d3f4b9d8b032f63508877,nikosChalk,2022-07-01T13:53:09+03:00,readme update,False,,0,low,1,91,152,,,,0,0,0,
S2-group/experiment-runner,https://github.com/S2-group/experiment-runner,a785e93a3d4a39dada899b32748944697ce1eef0,nikosChalk,2022-07-01T13:54:17+03:00,documentation fixes,False,,0,low,4,38,27,,,,217,35,33,
S2-group/experiment-runner,https://github.com/S2-group/experiment-runner,dfda2a96e41556a44bf5756ccb03ad0cf3672d22,nikosChalk,2022-07-01T14:02:59+03:00,readme,False,,0,low,1,9,7,,,,0,0,0,
S2-group/experiment-runner,https://github.com/S2-group/experiment-runner,75a6ad58b2a3d0e5075e43e62c962c6a8b174b6c,nikosChalk,2022-07-09T16:38:50+03:00,fixed bug for exclusions,False,,0,low,14,126,33,0.7076923076923077,0.7076923076923077,0.8769230769230769,195,47,24,
S2-group/experiment-runner,https://github.com/S2-group/experiment-runner,6b3a56459f7c95017872c53f7bac0320f0546854,nikosChalk,2022-07-09T22:14:35+03:00,"md5sum & less restrictive treatment levels

* md5sum check
* support for arbitrary python objects in",True,"Delete Unused Storage Resources, Remove Unused Assets",2,high,10,150,73,0.0,0.0,0.0,302,60,26,
S2-group/experiment-runner,https://github.com/S2-group/experiment-runner,0ce57af5d84fc5e2e355d21ebb1955577eb4a4bf,nikosChalk,2022-07-11T21:52:07+03:00,examples update,False,,0,low,4,41,18,0.0,0.0,0.0,148,24,22,
S2-group/experiment-runner,https://github.com/S2-group/experiment-runner,ab7ed709c169de53014fa871e442ac8d2d26dc39,nikosChalk,2022-07-11T21:52:42+03:00,exit code fix,False,,0,low,1,3,1,,,,64,12,2,
S2-group/experiment-runner,https://github.com/S2-group/experiment-runner,b02200416a1515291c55fdc1cec6ec15516d6ca8,nikosChalk,2022-07-11T21:53:39+03:00,.gitignore,False,,0,low,1,3,2,,,,0,0,0,
S2-group/experiment-runner,https://github.com/S2-group/experiment-runner,f54a973feada9a8266ea6d70c9390b22bd6af9f0,nikosChalk,2022-07-11T22:17:52+03:00,pycharm hack,True,Evaluate Other CPU Architectures,1,medium,1,9,0,,,,0,0,0,
S2-group/experiment-runner,https://github.com/S2-group/experiment-runner,d2cbca1311239eb631ec6db2c127e028c9a30f0d,nikosChalk,2022-07-11T22:25:21+03:00,empty plugins folder,False,,0,low,1,0,0,,,,0,0,0,
S2-group/experiment-runner,https://github.com/S2-group/experiment-runner,671fac873d5767f2d7568a94cc7aa1daaad2b6b5,nikosChalk,2022-07-16T21:50:29+03:00,better restart handling,False,,0,low,3,64,24,0.08695652173913043,0.08695652173913043,0.8695652173913043,151,37,13,
S2-group/experiment-runner,https://github.com/S2-group/experiment-runner,d4b388521659e8438c3ad963ef149aa1a20ec4bf,nikosChalk,2022-07-16T23:03:56+03:00,FactorModel update,True,Energy Efficient Models,1,medium,6,33,23,1.0,1.0,0.0,232,55,16,
S2-group/experiment-runner,https://github.com/S2-group/experiment-runner,b683f46abaea00ebf680359899d87b4023907b15,nikosChalk,2022-07-16T23:04:55+03:00,test fixes,False,,0,low,1,2,2,,,,12,2,1,
S2-group/experiment-runner,https://github.com/S2-group/experiment-runner,36085f5065685c5e287ecc2d8926f7da1744fd01,nikosChalk,2022-07-16T23:15:32+03:00,minor fixes,False,,0,low,1,2,4,,,,6,1,1,
S2-group/experiment-runner,https://github.com/S2-group/experiment-runner,de4e914fd7b7e0f1c7dbd8311b77e81696df7ffe,nikosChalk,2022-07-17T21:07:20+03:00,bug fix,False,,0,low,2,8,8,,,,148,24,22,
S2-group/experiment-runner,https://github.com/S2-group/experiment-runner,ada902a8ef69bda4983a2c1b71d8b59faa8c368d,nikosChalk,2022-07-17T22:52:58+03:00,codecarbon plugin,True,Leverage Sustainable Regions for AI,1,medium,6,138,0,1.0,1.0,0.958904109589041,93,21,18,
S2-group/experiment-runner,https://github.com/S2-group/experiment-runner,d5b3a608e340f81981ada36b21636fb8a9d7c3cf,nikosChalk,2022-07-22T02:05:06+03:00,codecarbon plugin - simpler,True,Leverage Sustainable Regions for AI,1,medium,2,54,5,1.0,1.0,0.9210526315789473,137,29,26,
S2-group/experiment-runner,https://github.com/S2-group/experiment-runner,30dafcf774278b6bd1c3bf138a102bf58d872429,nikosChalk,2022-07-22T02:39:35+03:00,bug fix,False,,0,low,1,2,0,1.0,1.0,1.0,49,15,11,
S2-group/experiment-runner,https://github.com/S2-group/experiment-runner,31238f735ed5cec3729bcc537dc5042a1c2b9387,nikosChalk,2022-07-22T02:42:24+03:00,codecarbon README,True,Leverage Sustainable Regions for AI,1,medium,1,70,0,,,,0,0,0,
S2-group/experiment-runner,https://github.com/S2-group/experiment-runner,acb47a0ca1b170966e1434f3bfec0735fbb46639,nikosChalk,2022-07-22T03:19:04+03:00,README,False,,0,low,1,1,3,,,,0,0,0,
S2-group/experiment-runner,https://github.com/S2-group/experiment-runner,13f38d1712bfd25e8bae55f5bb101b2818619e95,nikosChalk,2022-07-22T14:41:00+03:00,codecarbon - more data columns,True,"Reduce Transmitted Data, Leverage Sustainable Regions for AI",2,high,3,63,32,1.0,1.0,1.0,173,36,28,
S2-group/experiment-runner,https://github.com/S2-group/experiment-runner,c51beabf7b061c1f74d13048a09704431fa73f8d,nikosChalk,2022-07-22T14:48:55+03:00,codecarbon testing,True,Leverage Sustainable Regions for AI,1,medium,7,283,2,1.0,1.0,1.0,187,24,24,
S2-group/experiment-runner,https://github.com/S2-group/experiment-runner,6f2e4dbd7c29fd0dbc440f6c920d7a54e7d6920e,nikosChalk,2022-07-22T14:49:06+03:00,.gitignore,False,,0,low,1,1,1,,,,0,0,0,
S2-group/experiment-runner,https://github.com/S2-group/experiment-runner,cae06774d2184e04200fe3cbe920dbf83d29981d,nikosChalk,2022-07-22T15:02:31+03:00,codecarbon doc & bug fix,True,Leverage Sustainable Regions for AI,1,medium,2,8,5,,,,77,21,13,
S2-group/experiment-runner,https://github.com/S2-group/experiment-runner,37952ca36e9c654150ce94831df17d588708d7a4,nikosChalk,2022-07-22T18:05:01+03:00,spacing,False,,0,low,1,1,1,,,,63,11,11,
S2-group/experiment-runner,https://github.com/S2-group/experiment-runner,fc8564c6fca33207f02f097f1be519975e044ea4,nikosChalk,2022-07-22T18:06:02+03:00,more core testing,False,,0,low,6,177,3,1.0,1.0,1.0,250,36,36,
S2-group/experiment-runner,https://github.com/S2-group/experiment-runner,462b563c58392dde78fa769ad131fb67630cf47b,nikosChalk,2022-07-22T18:32:12+03:00,"API change - create_run_table() removed

This change will make it easier for plugins to modify
the b",True,"Delete Unused Storage Resources, Remove Unused Assets, Energy Efficient Models, Use Serverless",4,high,10,28,28,,,,683,123,99,
S2-group/experiment-runner,https://github.com/S2-group/experiment-runner,0039fd544ed11b2a424a226df36f1036950a2a13,nikosChalk,2022-07-22T19:32:24+03:00,shuffling of run table,False,,0,low,8,208,13,0.6705882352941176,0.6705882352941176,0.8352941176470589,352,73,25,
S2-group/experiment-runner,https://github.com/S2-group/experiment-runner,36e1ae73192637c69e685773fb0da910bc80c706,Giovanni,2022-07-28T14:20:45+05:18,added Wattsup,True,Energy-Aware Monitoring,1,medium,2,214,0,0.6019417475728155,0.6019417475728155,0.49514563106796117,133,28,16,
psf/requests,https://github.com/psf/requests,f462eecf4817ad886efd21f417129c4fd820c7ce,Hugo,2020-01-06T11:24:02+02:00,Update supported Python versions,False,,0,low,2,2,10,,,,0,0,0,
psf/requests,https://github.com/psf/requests,782e94d141cddb57400f444341b7f68c2211c66f,John Kooker,2020-01-09T09:26:42-08:00,"Update example code in README.md (#5292)

Show the current project description.",False,,0,low,1,1,1,,,,0,0,0,
psf/requests,https://github.com/psf/requests,a9ee0eef5a70acb9ed35622b3675574b11f92cb4,Sumana Harihareswara,2020-01-09T12:55:20-05:00,"Add Python 2 support entry in FAQ (#5303)

* Add Python 2 support entry in FAQ

Fixes: #5211

Si",True,,0,low,1,12,0,,,,0,0,0,
psf/requests,https://github.com/psf/requests,d2f65af033942a50890b29ab0159b385c426ea5b,Hugo van Kemenade,2020-01-19T17:41:09+02:00,Move community files under .github/ (#5206),False,,0,low,3,4,6,,,,0,0,0,
psf/requests,https://github.com/psf/requests,9b95b4e7b4df1865b058161f1492989868614535,johnthagen,2020-01-21T12:00:51-05:00,Add PyPy3 to Travis test suite (#5193),False,,0,low,2,5,1,1.0,1.0,1.0,92,25,12,
psf/requests,https://github.com/psf/requests,7138d8b0e305e8b8c8348e2526c8580d6d7db192,Nick Watts,2020-01-25T12:09:10-05:00,Change link for pip installation instructions,False,,0,low,1,1,1,,,,0,0,0,
psf/requests,https://github.com/psf/requests,d5c4cac0f4cc2f558099a55686ddb2e0bdc2dbd1,Nick Watts,2020-01-25T18:19:22-05:00,Fix intersphinx_mapping config for Python standard library,False,,0,low,1,1,1,,,,77,0,0,
psf/requests,https://github.com/psf/requests,b1631b03bc8dbff0266225b2ecebed9880449c32,John Samuels,2020-02-17T21:46:26+00:00,Update link to pipenv in README.,False,,0,low,1,1,1,,,,0,0,0,
psf/requests,https://github.com/psf/requests,ae0a497b0c8506f6187167da8d181fa400fd08f8,John Samuels,2020-02-17T21:47:34+00:00,Update link to pipenv in installation guide.,False,,0,low,1,1,1,,,,0,0,0,
psf/requests,https://github.com/psf/requests,e11302018b72679505503241c9276a46c163e14a,Alexander Zhukov,2020-02-18T09:19:38+02:00,"Fix the syntax highlighting in the example (#5276)

Co-authored-by: Nate Prewitt <nate.prewitt@gmail",False,,0,low,1,2,2,,,,0,0,0,
psf/requests,https://github.com/psf/requests,c46f55bd48dabc02f033d252f8c64e2011f37361,Chris Withers,2020-02-18T14:58:27+00:00,Limit dependencies to major instead of minor (#5342),True,Resource Limits & Constraints,1,medium,1,3,3,,,,95,4,3,
psf/requests,https://github.com/psf/requests,80011a7917afe2cd6a5fa8359e7ea90203880b3c,Ned Batchelder,2019-06-04T16:05:28-04:00,"Remove an obsolete attribute from __attrs__

The extra attribute in __attrs__ makes an unpickled ses",False,"Delete Unused Storage Resources, Implement Stateless Design, Remove Unused Assets",3,high,1,1,1,,,,343,113,28,
psf/requests,https://github.com/psf/requests,b15056d1d3c4ca3546c88b9fe390f0721b198c2e,Nate Prewitt,2020-02-18T14:56:19-08:00,"Revert ""#4965 fix: Accessing response.content twice removes forgets read error.""

This reverts commi",False,"Delete Unused Storage Resources, Remove Unused Assets",2,high,3,3,62,0.6666666666666666,0.16666666666666666,0.0,722,211,58,
psf/requests,https://github.com/psf/requests,24bcb9eab60d2db5e71979ea391b3e5675daff1f,Nate Prewitt,2020-02-18T15:00:28-08:00,"Revert ""Use urllib for chunked requests""

This reverts commit 2da7fe08586aeaff614c017a9a834a22c93738",False,"Avoid Chaining Critical Requests, Keep Request Counts Low",2,high,1,58,13,0.0,0.0,0.0,281,67,17,
psf/requests,https://github.com/psf/requests,fd13816d015c4c90ee65297fa996caea6a094ed1,Nate Prewitt,2020-02-18T15:01:34-08:00,"Revert ""Fix for response with UTF-8 BOM #4976""

This reverts commit 19cff44ec1b8eeec99459b504a681aa4",False,,0,low,3,0,34,0.0,0.0,0.0,1246,282,121,
psf/requests,https://github.com/psf/requests,b7c6aba848b10933f327fcce41970c29dc59051b,Nate Prewitt,2020-02-19T10:27:54-08:00,v2.23.0,False,,0,low,2,19,3,,,,10,0,0,
psf/requests,https://github.com/psf/requests,ca6f9af5dba09591007b15a7368bc0f006b7cc50,Redowan Delowar,2020-02-23T23:56:46+06:00,Normalize exception docstrings (#5338),False,,0,low,1,3,6,,,,32,4,1,
psf/requests,https://github.com/psf/requests,0a760ff025e933cbd1c5017bb5f2dfc9aa1dd6a3,Nate Prewitt,2020-02-26T20:21:08-08:00,updating pipfile.lock for bleach security issue (#5364),True,"Scan for Vulnerabilities, Use Cloud Native Security Tools",2,high,1,230,184,,,,0,0,0,
psf/requests,https://github.com/psf/requests,65989ddfe927f2dd3f194c5fed0df770006473bc,Nate Prewitt,2020-02-26T20:45:41-08:00,"changing of the guard

Thanks for everything Ian. Welcome Seth!",False,,0,low,1,3,2,,,,0,0,0,
psf/requests,https://github.com/psf/requests,4fc7f4a255fff60d1033ec66b0d180390adf9306,Nate Prewitt,2020-02-27T10:05:07-08:00,Update disclosure contact info (#5369),False,,0,low,1,6,4,,,,0,0,0,
psf/requests,https://github.com/psf/requests,2758124a13cddff7244b97b5ffe3fddabb90bc18,Seth Michael Larson,2020-02-27T21:33:09-06:00,Also update GitHub's Security Disclosure document (#5370),True,"Scan for Vulnerabilities, Use Cloud Native Security Tools",2,high,1,8,8,,,,0,0,0,
psf/requests,https://github.com/psf/requests,bebf5250b0df1b922ff534e987a4481cc4dde99d,Alessio Izzo,2020-03-25T20:44:51+01:00,"Remove explicit unicode literal in README.md and doc (#5336)

* [remove] remove ""u"" prefix in README",False,"Delete Unused Storage Resources, Remove Unused Assets",2,high,4,17,17,,,,0,0,0,
psf/requests,https://github.com/psf/requests,c577eb8d5fa39eb4acdc64eb2e957a2c1b261c9b,Dustin Rodrigues,2020-03-28T19:24:35-04:00,fix README typo,False,,0,low,1,1,1,,,,0,0,0,
psf/requests,https://github.com/psf/requests,9ea85109a51d6573caab6d6811c503dfec456ea7,Nate Prewitt,2020-04-03T14:31:44-07:00,fixing rst markup,False,,0,low,1,2,2,,,,0,0,0,
psf/requests,https://github.com/psf/requests,bfb93d4b7d269a8735f1b216093e7e9a9fdc4517,Nate Prewitt,2020-04-03T14:39:06-07:00,update bleach security vulnerability,True,"Scan for Vulnerabilities, Use Cloud Native Security Tools",2,high,1,83,103,,,,0,0,0,
psf/requests,https://github.com/psf/requests,db47b9b4a0c5877fb97f64ac442757604c4c45cc,Seth Michael Larson,2020-04-30T08:55:53-05:00,Don't use pyOpenSSL unless no SNI is detected,False,"Encrypt What Is Necessary, Evaluate TLS Termination",2,high,1,14,6,,,,65,5,2,
psf/requests,https://github.com/psf/requests,251f73f65d46ff5de64b8ae2e6c6fe38c1a28808,Seth Michael Larson,2020-05-01T18:24:51-05:00,Add changelog entry for pyOpenSSL change,False,"Encrypt What Is Necessary, Evaluate TLS Termination",2,high,1,7,2,,,,0,0,0,
psf/requests,https://github.com/psf/requests,427e8eb1e7559ac4739c04069310be18ddbb734f,Miro Hrončok,2020-05-09T06:58:03+02:00,"Fix test_conflicting_post_params to work on pytest 5 (#5305)

The non-contextmanager form of pytest.",True,"Delete Unused Storage Resources, Remove Unused Assets, Avoid Chaining Critical Requests, Enable Text Compression, Keep Request Counts Low",5,high,1,4,2,1.0,1.0,1.0,1938,291,243,
psf/requests,https://github.com/psf/requests,9ed5db8ed28e816b597dafd328b342ec95466afa,Thomas Grainger,2020-05-09T06:08:51+01:00,"fix raise_for_status docstring (#5293)

the exception isn't stored it's created new each call",False,Compress Stored Data,1,medium,1,1,1,,,,516,195,44,
psf/requests,https://github.com/psf/requests,fa2dbe9a91764734a23104f9a4bde2a6d2bd9cde,David Black,2020-06-15T20:14:29+10:00,Remove what appears to be an un-needed call to self.resolve_redirects when not following redirects a,False,"Delete Unused Storage Resources, Remove Unused Assets, Avoid Chaining Critical Requests, Keep Request Counts Low",4,high,1,6,4,0.0,0.0,0.0,346,113,28,
psf/requests,https://github.com/psf/requests,8ac5929ae199164f3a96a6f7a53c177a87018f43,Kevin Kirsche,2020-06-15T11:23:17-04:00,Fix typo in README (#5468),False,,0,low,1,1,1,,,,0,0,0,
psf/requests,https://github.com/psf/requests,737dd0c3c6b9c090d1d525ffc0c7449d2cdca0ac,Bharat Raghunathan,2020-06-16T01:14:07+05:18,"Update number of dependents on requests (#5495)

* Update dependents on requests",False,"Avoid Chaining Critical Requests, Keep Request Counts Low",2,high,1,1,1,,,,0,0,0,
psf/requests,https://github.com/psf/requests,71a05cf28985da6bb56ee27b91d7cd005ce8da9d,David Black,2020-06-16T20:53:07+10:00,Avoid an unnecessary computation of the length of data for non-stream requests (which determines con,False,"Reduce Transmitted Data, Avoid Chaining Critical Requests, Avoid Tracking Unnecessary Data, Keep Request Counts Low",4,high,1,5,5,,,,516,195,44,
psf/requests,https://github.com/psf/requests,daa2b297a35518e2b4b649919e49d65f1f7ca463,Nate Prewitt,2020-06-16T13:54:43-07:00,updating usage information,False,"Serve Images in Modern Formats, Efficient Format for Model Training",2,high,1,2,2,,,,0,0,0,
psf/requests,https://github.com/psf/requests,0797c61fd541f92f66e409dbf9515ca287af28d2,Nate Prewitt,2020-06-16T13:55:11-07:00,v2.24.0,False,,0,low,2,12,2,,,,10,0,0,
psf/requests,https://github.com/psf/requests,1ca1c52e698b13d3d5cc0755a6450306d880b933,Kartik Chugh,2020-06-17T16:09:34-04:00,"Google App Engine (#5475)

* Continuity: Google App Engine",True,Use Compiled Languages,1,medium,2,2,2,,,,498,177,39,
psf/requests,https://github.com/psf/requests,9cae7be94f0aa35a26b42e1a34e26f874cd754da,Nick Krichevsky,2020-06-18T22:06:23-04:00,"Clarify that PreparedRequests should not be manually created

Closes #5504",False,"Avoid Chaining Critical Requests, Keep Request Counts Low",2,high,1,3,1,,,,516,195,44,
psf/requests,https://github.com/psf/requests,1b417634721ec377abb7f17bc1f215e07202c2f7,Nate Prewitt,2020-06-26T10:45:06-08:00,cleanup advanced docs header,True,"Delete Unused Storage Resources, Remove Unused Assets",2,high,1,0,2,,,,0,0,0,
psf/requests,https://github.com/psf/requests,2d39c0db054e158767ab4a755476844fe40787e7,Ben Bodenmiller,2020-07-23T21:57:30-07:00,"Docs: list CURL_CA_BUNDLE as supported (#5509)

* Docs: list CURL_CA_BUNDLE as supported",True,Reduce HTTP Requests,1,medium,1,1,0,,,,0,0,0,
psf/requests,https://github.com/psf/requests,02eb5a2cd34d36548ebb08528c73ca66c2a398d9,Matt Silverlock,2020-08-16T19:31:05-07:00,Document the dangers of using verify=False,False,,0,low,2,19,1,,,,346,113,28,
psf/requests,https://github.com/psf/requests,533c384b875166eef837b4e0e45125cf8ad9c6b1,Seth Michael Larson,2020-08-01T19:50:53-05:00,Make README markdown compatible,False,Scale Down Unused Applications,1,medium,1,27,87,,,,0,0,0,
psf/requests,https://github.com/psf/requests,08300621004a76dcacf03ed6538bcf2e592ac521,Seth Michael Larson,2020-08-01T23:36:08-05:00,"Remove images, analytics, 'keep up to date'",True,"Delete Unused Storage Resources, Remove Unused Assets, Avoid Tracking Unnecessary Data, Defer Offscreen Images, Properly Sized Images, Serve Images in Modern Formats",6,high,22,2,203,0.4690265486725664,0.21238938053097345,0.07964601769911504,0,0,0,
psf/requests,https://github.com/psf/requests,551a0bf0df2db42413baf4734ad6be37415f25ca,Seth Michael Larson,2020-08-02T00:08:12-05:00,"Recommend Pip, remove todo/philo docs, pare down support avenues",True,"Delete Unused Storage Resources, Remove Unused Assets, Scale Down Unused Applications",3,high,8,8,193,,,,0,0,0,
psf/requests,https://github.com/psf/requests,43ed689d97266476871ff38cd45ba551e934ef63,Seth Michael Larson,2020-08-02T00:20:26-05:00,"Trim release section, add back Twitter support",False,,0,low,3,14,11,,,,0,0,0,
psf/requests,https://github.com/psf/requests,0b013558704edc6b9aeeef566460b28e019052c4,Seth Michael Larson,2020-08-02T00:39:37-05:00,Pin more helpful links to sidebar,False,,0,low,2,27,3,,,,0,0,0,
psf/requests,https://github.com/psf/requests,48237afd9d064c639b9c2bcea7e75ab7b717b181,Nate Prewitt,2020-08-18T14:42:10-07:00,updating doc links and formatting,False,"Serve Images in Modern Formats, Efficient Format for Model Training",2,high,3,4,3,,,,0,0,0,
psf/requests,https://github.com/psf/requests,2a7832b5b06d377c7c79d1170b07e41fbd1a5d7c,Sagar Giri,2020-08-26T09:23:30+09:00,"Update index.rst

Update misleading text about python support",True,"Enable Text Compression, Database Indexing",2,high,1,1,1,,,,0,0,0,
psf/requests,https://github.com/psf/requests,22b5a39098223f51fcd2df238e13f9bac86b35a4,Andrew Jorgensen,2020-08-27T09:44:27-07:00,"Apply the Apache-2.0 license correctly

This follows instructions from the Apache Foundation. It als",True,"Scan for Vulnerabilities, Enable Text Compression",2,high,2,174,10,,,,0,0,0,
psf/requests,https://github.com/psf/requests,967a05bfffcb68f97296eda197b062221c2ebc0d,Martin,2020-09-11T17:36:21+02:00,Update renamed GitHub handle,False,,0,low,1,1,1,,,,0,0,0,
psf/requests,https://github.com/psf/requests,c3280d7844cc88693b1e97d45f704945cb55f29c,Ruben,2020-09-23T13:19:29+02:00,"Update advanced.rst

replaced reference to requests-async with httpx the replacement project",True,"Queue Non-Urgent Requests, Use Async Instead of Sync, Avoid Chaining Critical Requests, Keep Request Counts Low, Lazy Loading, Asynchronous Processing",6,high,1,2,2,,,,0,0,0,
S2-group/green-lab,https://github.com/S2-group/green-lab,947b175f20f87b4301582fec5ac3960114bca3dd,Ivano Malavolta,2023-12-01T13:08:41+01:00,Initial commit,False,,0,low,2,23,0,,,,0,0,0,
S2-group/green-lab,https://github.com/S2-group/green-lab,68327b99f93661428509c2a135d0d0b4faaa268d,Max Karsten,2025-09-10T16:42:48+02:00,Example experiment +,False,,0,low,14,138,0,1.0,1.0,0.18518518518518517,38,10,8,
S2-group/green-lab,https://github.com/S2-group/green-lab,c76191b15a7de8c266eb7c83e9451b96336f6668,Max Karsten,2025-09-10T16:43:00+02:00,Small config change,False,,0,low,1,1,1,,,,0,0,0,
S2-group/green-lab,https://github.com/S2-group/green-lab,63fe282083b7b3f4e8aaa1f0c6888cbbf0190b21,Andrei Dragomir,2025-09-11T16:15:19+02:00,Lab 1 Materials,False,,0,low,5,355,0,,,,0,0,0,
S2-group/green-lab,https://github.com/S2-group/green-lab,2c5149e06d62804c471c33662ae879a109fbab09,Max Karsten,2025-09-11T17:26:18+02:00,Make readme more robust,False,,0,low,1,150,4,,,,0,0,0,
S2-group/green-lab,https://github.com/S2-group/green-lab,5a9de56ba089fe6c54a9bc54807f67422564bf3b,Max Karsten,2025-09-11T17:37:05+02:00,More readme updates,False,,0,low,1,14,13,,,,0,0,0,
S2-group/green-lab,https://github.com/S2-group/green-lab,ddc720b78fbb5868451e53db7e1587ebd7ac2e5e,Max Karsten,2025-09-11T17:41:36+02:00,Add in some more links,False,,0,low,1,2,2,,,,0,0,0,
S2-group/green-lab,https://github.com/S2-group/green-lab,cacc5d30edf17185e2b0aeca1971b3a3809da976,Max Karsten,2025-09-11T17:42:49+02:00,More links,False,,0,low,1,1,1,,,,0,0,0,
S2-group/green-lab,https://github.com/S2-group/green-lab,21dac56ca273688b503cade33b09d9327f8a0915,Max Karsten,2025-09-11T17:47:15+02:00,More tweaks,False,,0,low,1,6,4,,,,0,0,0,
S2-group/green-lab,https://github.com/S2-group/green-lab,8085fe997d33e317e928e8c1522e728a093b521e,Max Karsten,2025-09-11T17:49:11+02:00,Last change,False,,0,low,1,1,1,,,,0,0,0,
S2-group/green-lab,https://github.com/S2-group/green-lab,14fe4172dd21d05e90f076e19d50b288e706d928,Cedar_Cheng,2025-09-11T19:48:47+02:00,update links at slides,False,,0,low,1,0,0,,,,0,0,0,
S2-group/green-lab,https://github.com/S2-group/green-lab,26d5da194f12daccbf746dad35ecabab1128e9ce,Cedar_Cheng,2025-09-12T01:53:16+08:00,Fix formatting in README for exercises section,False,"Serve Images in Modern Formats, Efficient Format for Model Training",2,high,1,2,2,,,,0,0,0,
S2-group/green-lab,https://github.com/S2-group/green-lab,0c513f8e299a4eca09f3775c450d74d0c98f1a36,Andrei Dragomir,2025-09-12T13:10:17+02:00,Fixed some ambiguities in Lab 1,False,,0,low,3,12,5,,,,0,0,0,
S2-group/green-lab,https://github.com/S2-group/green-lab,6714197488ed83c75ec07fb9f5f2b7d8d0e1c7c5,Andrei Dragomir,2025-09-12T13:11:01+02:00,Cleaned Lab 1 directory,False,,0,low,1,0,0,,,,0,0,0,
S2-group/green-lab,https://github.com/S2-group/green-lab,e1275c1cc95a0499784b885d98594379ab34108e,Max Karsten,2025-09-15T15:46:49+02:00,Add in presentation slides,False,,0,low,1,0,0,,,,0,0,0,
S2-group/green-lab,https://github.com/S2-group/green-lab,8abadcbeac3cbf8cc2e64524ad4fb8e7b4f3cf42,Max Karsten,2025-09-17T13:39:05+02:00,Make some edits to the presentation & readme,False,,0,low,2,31,0,,,,0,0,0,
S2-group/green-lab,https://github.com/S2-group/green-lab,87eae741d07f0bdb6bcaa2903a1dea38121d8fd2,Max Karsten,2025-09-17T14:16:22+02:00,Add reference to monkey tool,False,,0,low,1,3,1,,,,0,0,0,
S2-group/green-lab,https://github.com/S2-group/green-lab,ba91a91d39d6847e5395c6fb5608086bc66f13f0,Max Karsten,2025-09-17T14:17:08+02:00,Correct spelling,False,,0,low,1,1,1,,,,0,0,0,
S2-group/green-lab,https://github.com/S2-group/green-lab,3c26aaaacd710fbcd833710c43ad547b6b276cdf,Cedar_Cheng,2025-09-17T22:14:43+08:00,Modify a cmd for emulator launching,False,,0,low,1,11,5,,,,0,0,0,
S2-group/green-lab,https://github.com/S2-group/green-lab,8f739ae1703f1b950f678920debd583d602157da,Cedar_Cheng,2025-09-17T22:24:12+08:00,Add troubleshooting tip for messaging app error,False,,0,low,1,1,0,,,,0,0,0,
S2-group/green-lab,https://github.com/S2-group/green-lab,f3020bb928073cdda72f7b7812c0c28205657ac6,Cedar_Cheng,2025-09-17T23:09:57+08:00,Update README with manual app start instructions,False,,0,low,1,1,1,,,,0,0,0,
S2-group/green-lab,https://github.com/S2-group/green-lab,7e975294fc1ceeefd324430d327c5109ad5e3f09,Cedar_Cheng,2025-09-19T03:24:06+08:00,add links to MacOS dependencies installation,False,,0,low,1,6,2,,,,0,0,0,
S2-group/green-lab,https://github.com/S2-group/green-lab,d0fc99eb01e20adbb0ca782831406fa352f8844f,Cedar_Cheng,2025-09-19T16:43:53+08:00,Fix path in Hello World example command,False,,0,low,1,1,1,,,,0,0,0,
S2-group/green-lab,https://github.com/S2-group/green-lab,d262189c6e3be15c9b3fc02b957465e083925891,Aayush Joglekar,2025-10-02T13:11:56+02:00,Initialise Lab 3 files,False,,0,low,2,34,0,,,,0,0,0,
S2-group/green-lab,https://github.com/S2-group/green-lab,9330edb4b869687d21274cbbc24caf6738249fe1,Aayush Joglekar,2025-10-02T13:14:54+02:00,Add sample data,False,Reduce Transmitted Data,1,medium,1,301,0,,,,0,0,0,
S2-group/green-lab,https://github.com/S2-group/green-lab,a76586e94a54f8108eedff88ee1e3b9d04280f1d,Aayush Joglekar,2025-10-02T13:25:27+02:00,"[Lab3] Add exercises for section 0, 4, 5, 6",False,,0,low,1,13,3,,,,0,0,0,
S2-group/green-lab,https://github.com/S2-group/green-lab,68df498dc97bae8bc143878b07b8674ab935041c,Yuqi Yue,2025-10-02T13:37:52+02:00,cheatsheets added,False,,0,low,3,0,0,,,,0,0,0,
S2-group/green-lab,https://github.com/S2-group/green-lab,8f97f9b93a991db0e7dd5faf78aa912d9f872d1f,Aayush Joglekar,2025-10-02T13:49:37+02:00,"[Lab3] Add solutions for section 4, 5, 6",False,,0,low,2,126,9,,,,0,0,0,
S2-group/green-lab,https://github.com/S2-group/green-lab,d089179be1b73c148b1206cf9596d5157eaf84cb,Yuqi Yue,2025-10-02T15:11:43+02:00,"[Lab 3] Ex 1, 2, 3",False,,0,low,2,165,7,,,,0,0,0,
S2-group/green-lab,https://github.com/S2-group/green-lab,01e5a6a627e54a403a2aa087b17b8eb7b844ac62,Aayush Joglekar,2025-10-02T22:53:31+02:00,[Lab3] Fix minor issues,False,,0,low,1,5,5,,,,0,0,0,
S2-group/green-lab,https://github.com/S2-group/green-lab,1f53a7f7ff746b609e7fb16f2947de136a2e2e86,Yuqi Yue,2025-10-03T08:52:51+02:00,slides added,False,,0,low,1,0,0,,,,0,0,0,
tiangolo/fastapi,https://github.com/tiangolo/fastapi,8d3dcbcd1bb93bc0563eea5e98688d9dc4867e00,Dustyposa,2020-01-08T16:08:43+08:00,fix type UrlStr -> HttpUrl (#832),True,"Keep Request Counts Low, Right Hardware Type for AI",2,high,5,9,9,,,,68,4,4,
tiangolo/fastapi,https://github.com/tiangolo/fastapi,08fc2a41ca6bc1fa1d0970edeaaf8e9184035895,Sebastián Ramírez,2020-01-08T19:16:57+01:00,:memo: Update release notes,False,,0,low,1,2,0,,,,0,0,0,
tiangolo/fastapi,https://github.com/tiangolo/fastapi,b85b2e39425c9d37d614ce89c056ed77bad7af6d,Roald Storm,2020-01-08T21:50:21+01:00,:sparkles: Add support for subtypes of main types in jsonable_encoder,False,,0,low,2,108,13,0.9024390243902439,0.9024390243902439,0.9024390243902439,189,44,9,
tiangolo/fastapi,https://github.com/tiangolo/fastapi,b6ea9ea2cadcade9ee0428a08cf394df58b9d5da,Sebastián Ramírez,2020-01-08T21:53:14+01:00,:memo: Update release notes,False,,0,low,1,1,0,,,,0,0,0,
tiangolo/fastapi,https://github.com/tiangolo/fastapi,9f9ed7a6bddde4b434638fefa26a09917cdae349,Xucong ZHAN,2020-01-08T15:58:33-05:00,:pencil: Add four JP articles to external links (#783),False,,0,low,1,8,0,,,,0,0,0,
tiangolo/fastapi,https://github.com/tiangolo/fastapi,462e24e8647555082bb27f5c3d92380b101f8b01,Sebastián Ramírez,2020-01-08T22:00:44+01:00,:memo: Update release notes,False,,0,low,1,1,0,,,,0,0,0,
tiangolo/fastapi,https://github.com/tiangolo/fastapi,4151616681511a7e7425b9927c27bde3c66a1d8b,Ken Kinder,2020-01-08T16:01:22-05:00,:pencil2: Fix typos (#784),False,,0,low,0,0,0,,,,0,0,0,
tiangolo/fastapi,https://github.com/tiangolo/fastapi,7b31e527667b016f9aa525262d778fdba453c454,Sebastián Ramírez,2020-01-08T22:02:32+01:00,:memo: Update release notes,False,,0,low,1,1,0,,,,0,0,0,
tiangolo/fastapi,https://github.com/tiangolo/fastapi,cb1410426e11886825fece1cdc10a781bbfd57b2,James Kaplan,2020-01-08T13:22:14-08:00,:bug: Fix callback handling in sub-routers (#792),True,,0,low,4,235,5,0.9411764705882353,0.9411764705882353,0.9411764705882353,1147,134,31,
tiangolo/fastapi,https://github.com/tiangolo/fastapi,fd5ba77b8322f1599bad8cbcf72887bbbb75ed60,Sebastián Ramírez,2020-01-08T22:23:54+01:00,:memo: Update release notes,False,,0,low,1,1,0,,,,0,0,0,
tiangolo/fastapi,https://github.com/tiangolo/fastapi,cad6a6e0c1ffa9bb1720f4fb4a627da94f463c98,Christoph Deil,2020-01-08T22:34:14+01:00,:memo: Highlight all new lines in docs example upgrade (#795),False,,0,low,2,2,4,,,,0,0,0,
tiangolo/fastapi,https://github.com/tiangolo/fastapi,a0c8f93231e51b3f58ba3fb2bbc1e52b0874eb8f,Sebastián Ramírez,2020-01-08T22:35:33+01:00,:memo: Update release notes,False,,0,low,1,1,0,,,,0,0,0,
tiangolo/fastapi,https://github.com/tiangolo/fastapi,91fe90e8e67c3cc0951e3f16704a7c96385960ac,Jesse P. Johnson,2020-01-08T16:47:19-05:00,:sparkles: Implement OAuth2 authorization_code integration (#797),True,gRPC for Service Communication,1,medium,3,115,0,0.6078431372549019,1.0,0.6078431372549019,203,26,14,
tiangolo/fastapi,https://github.com/tiangolo/fastapi,13da029dca4035a6d31f6af1f8b900c52b7047a9,Sebastián Ramírez,2020-01-08T22:51:55+01:00,:memo: Update release notes,False,,0,low,1,1,0,,,,0,0,0,
tiangolo/fastapi,https://github.com/tiangolo/fastapi,d0ab9095449e2a99aacd31c370a6fb314434dc5a,wxq0309,2020-01-09T06:01:58+08:00,:pencil: Add link to Chinese FastAPI posts (#810),True,,0,low,1,2,0,,,,0,0,0,
tiangolo/fastapi,https://github.com/tiangolo/fastapi,6a2007825932c1712ef920509bc10eb92e7ee01d,Sebastián Ramírez,2020-01-08T23:03:08+01:00,:memo: Update release notes,False,,0,low,1,1,0,,,,0,0,0,
tiangolo/fastapi,https://github.com/tiangolo/fastapi,7b3319ddabad1006468db7a7b864660b163718a8,Sebastián Ramírez,2020-01-08T23:25:29+01:00,:pencil2: Tweak typos and configs (#837),False,,0,low,7,51,32,,,,0,0,0,
tiangolo/fastapi,https://github.com/tiangolo/fastapi,aa28784f6b7b2e3609eb929d093e279602d5846a,Sebastián Ramírez,2020-01-08T23:26:15+01:00,:memo: Update release notes,False,,0,low,1,1,0,,,,0,0,0,
tiangolo/fastapi,https://github.com/tiangolo/fastapi,a9673f145a6bf0f87ec5f934e6337984d619bd96,Sebastián Ramírez,2020-01-08T23:28:03+01:00,:bookmark: Release version 0.46.0,False,,0,low,2,3,1,,,,17,0,0,
tiangolo/fastapi,https://github.com/tiangolo/fastapi,ba9c9a3f78f5ed229e16b64a9100c7e54cbe67a8,Zachary Wasserman,2020-01-12T11:38:39-08:00,:lock: Update HTTP Basic Auth docs fixing timing attacks (#807),False,Keep Request Counts Low,1,medium,2,73,3,1.0,1.0,1.0,19,4,2,
tiangolo/fastapi,https://github.com/tiangolo/fastapi,3eca945bd17600a0be6eae1d8fd93ba8f9805006,Sebastián Ramírez,2020-01-12T20:43:46+01:00,:memo: Udpate release notes,False,,0,low,1,2,0,,,,0,0,0,
tiangolo/fastapi,https://github.com/tiangolo/fastapi,e5d78788563cedf4fd03222800f6b7056507e6ba,Sebastián Ramírez,2020-01-17T09:51:03+01:00,":heavy_minus_sign: Use venv with Flit for local development, instead of requiring Flit and Pipenv (#",False,Minimize Deployed Environments,1,medium,5,104,78,,,,0,0,0,
tiangolo/fastapi,https://github.com/tiangolo/fastapi,3f53deebc949ee9d4aaa9eae7e195f9f2cfc5598,Sebastián Ramírez,2020-01-17T09:59:38+01:00,:bug: Fix Peewee contextvars handling in docs (#879),False,Enable Text Compression,1,medium,3,160,23,1.0,1.0,1.0,77,15,11,
tiangolo/fastapi,https://github.com/tiangolo/fastapi,180b842a1e24f86f214e416aa1e8d409f6bcaa28,Sebastián Ramírez,2020-01-17T10:46:44+01:00,":memo: Add external links, dynamic GitHub topic projects, and formatting (#850)",False,"Serve Images in Modern Formats, Efficient Format for Model Training",2,high,4,109,30,1.0,1.0,1.0,35,7,4,
tiangolo/fastapi,https://github.com/tiangolo/fastapi,5db99a27cf640864b4793807811848698c5ff4a2,Aviram Hassan,2020-01-17T13:37:44+02:00,:sparkles: add body to RequestValidationError for easier debugging (#853),False,"Avoid Chaining Critical Requests, Keep Request Counts Low",2,high,8,241,60,1.0,1.0,0.8,1197,145,39,
tiangolo/fastapi,https://github.com/tiangolo/fastapi,874d24181e779ebc6e1c52afb7d6598f863fd6a8,Nik,2020-01-17T14:45:55+03:00,":bug: Fix validating form params declared with classes (list, tuple, set, etc) (#856)",False,Eliminate Polling,1,medium,2,49,3,1.0,1.0,1.0,749,146,27,
tiangolo/fastapi,https://github.com/tiangolo/fastapi,174e7b1730c6b21eb015a8b8ff3e56e018bc0de3,Pavel Isaev,2020-01-17T13:49:54+02:00,:lock: Check both username and password in security tutorial (#865),True,"Scan for Vulnerabilities, Use Cloud Native Security Tools",2,high,1,1,1,,,,19,4,2,
tiangolo/fastapi,https://github.com/tiangolo/fastapi,a41a7296826a32bf03819bbc6149a3037a3da0bb,Sebastián Ramírez,2020-01-17T16:24:05+01:00,":art: Tweak external links, Markdown format, typos (#881)",False,"Scale Down Unused Applications, Serve Images in Modern Formats, Efficient Format for Model Training",3,high,60,341,418,,,,0,0,0,
tiangolo/fastapi,https://github.com/tiangolo/fastapi,22982287ff5e8434fdaffcf118d56eb084f2490c,Sebastián Ramírez,2020-01-18T16:21:54+01:00,":memo: Refactor docs, ""Tutorial - User Guide"" and ""Advanced User Guide"" (#887)",True,,0,low,78,340,292,,,,0,0,0,
tiangolo/fastapi,https://github.com/tiangolo/fastapi,bd581c5337dfb33b6670f84dddb7ab4f2139b123,Sebastián Ramírez,2020-01-18T17:14:03+01:00,:memo: Update release notes,False,,0,low,1,15,7,,,,0,0,0,
tiangolo/fastapi,https://github.com/tiangolo/fastapi,3a5158a784d7baaf370dff700913ab559e361213,Sebastián Ramírez,2020-01-18T17:14:59+01:00,:bookmark: Release version 0.47.0,False,,0,low,2,3,1,,,,17,0,0,
tiangolo/fastapi,https://github.com/tiangolo/fastapi,7cea84b74ca3106a7f861b774e9d215e5228728f,Sebastián Ramírez,2020-01-18T17:32:57+01:00,:bug: Fix FastAPI serialization of Pydantic ORM mode blocking the event loop (#888),True,"Scale Kubernetes Workloads Based on Events, Efficient Serialization",2,high,1,10,3,0.0,0.0,0.14285714285714285,944,128,24,
tiangolo/fastapi,https://github.com/tiangolo/fastapi,75a07f24bf01a31225ee687f3e2b3fc1981b67ab,Sebastián Ramírez,2020-01-18T18:03:51+01:00,:lock: Fix clone field implementation to handle sub-models in response_model (#889),True,Energy Efficient Models,1,medium,2,92,1,1.0,1.0,1.0,211,32,11,
tiangolo/fastapi,https://github.com/tiangolo/fastapi,3b40c557ce65843e68889b6c43b302e8707ad659,Sebastián Ramírez,2020-01-18T18:06:20+01:00,:memo: Update release notes,False,,0,low,1,3,0,,,,0,0,0,
tiangolo/fastapi,https://github.com/tiangolo/fastapi,a0858983096cad68c1de7d67085b547354990791,Sebastián Ramírez,2020-01-18T18:06:47+01:00,:bookmark: Release version 0.47.1,False,,0,low,2,3,1,,,,17,0,0,
tiangolo/fastapi,https://github.com/tiangolo/fastapi,b307d388976de6d4b804704b7429e0b34843a463,Sebastián Ramírez,2020-01-18T19:07:42+01:00,":recycle: Update default API title from ""Fast API"" to ""FastAPI"" for consistency (#890)",True,,0,low,110,111,111,,,,13168,545,449,
tiangolo/fastapi,https://github.com/tiangolo/fastapi,55afb70b3717969565499f5dcaef54b1f0acc7da,Sebastián Ramírez,2020-01-18T19:08:24+01:00,:memo: Update release notes,False,,0,low,1,2,0,,,,0,0,0,
tiangolo/fastapi,https://github.com/tiangolo/fastapi,4f964939a15d3fbd9ecec7607a5f43b0b4a2c288,linchiwei123,2020-02-04T10:27:10+08:00,:bug: Fix middleware docs link (#893),False,,0,low,1,1,2,,,,0,0,0,
tiangolo/fastapi,https://github.com/tiangolo/fastapi,70bdade23b25baa17eb6ebdf3b0fdcfcbf7984ad,Andy Smith,2020-02-03T22:03:51-05:00,:bug: Fix Pydantic field clone logic with validators (#899),False,,0,low,2,72,13,1.0,1.0,0.6363636363636364,267,35,13,
tiangolo/fastapi,https://github.com/tiangolo/fastapi,68723d529148657fb5568998a96eca239901928a,Timothée Mazzucotelli,2020-02-04T04:17:20+01:00,:memo: Add note about Body parameters without Pydantic (#900),False,,0,low,1,4,0,,,,0,0,0,
tiangolo/fastapi,https://github.com/tiangolo/fastapi,27fb2b358c91205c5d238b8191404cada498b206,Ben,2020-02-04T04:25:52+01:00,:memo: Add article to external links (#901),False,,0,low,1,2,0,,,,0,0,0,
tiangolo/fastapi,https://github.com/tiangolo/fastapi,a448bd63bd6d0f6c512cdede6b38fd9b675939e0,李冬冬,2020-02-04T11:37:47+08:00,:bug: Allow Any type for enums in OpenAPI (#906),False,,0,low,1,1,1,,,,257,0,0,
tiangolo/fastapi,https://github.com/tiangolo/fastapi,d8451f75a4f06f9c6bbbaa69c9bd734528685b1f,adursun,2020-02-04T06:57:18+03:00,:pencil2: Fix typo (#916),False,,0,low,1,1,1,,,,0,0,0,
tiangolo/fastapi,https://github.com/tiangolo/fastapi,c425509d57a47a6d31ca8b0357ea6a68d830065b,David Montague,2020-02-03T20:01:59-08:00,:bug: Fix body parsing (#918),False,,0,low,2,40,13,1.0,1.0,1.0,909,144,24,
tiangolo/fastapi,https://github.com/tiangolo/fastapi,e6da96fbb77595aa7227af3ab5e55dc445ba84ad,Maciej Marzęta,2020-02-04T05:04:32+01:00,:pencil2: Fix typos (#920),False,,0,low,2,2,2,,,,0,0,0,
tiangolo/fastapi,https://github.com/tiangolo/fastapi,44b45caf65abacdafc2872dfca9059bfdffdd219,raphaelauv,2020-02-04T05:14:07+01:00,:memo: Update Sanic description as it is now ASGI too :tada: (#932),False,,0,low,1,1,1,,,,0,0,0,
tiangolo/fastapi,https://github.com/tiangolo/fastapi,1fd1e8733afb6a9ba1aa9d5b72d203b792742b5f,नवुले पवन कुमार राव,2020-02-04T09:43:00+05:18,:memo: Add link: Create and Deploy FastAPI app to Heroku (#942),True,,0,low,1,2,0,,,,0,0,0,
tiangolo/fastapi,https://github.com/tiangolo/fastapi,636ce6b3f730f9738c4584659b778263fd914e70,Sebastián Ramírez,2020-02-04T05:28:19+01:00,":memo: Update Peewee docs, simplify with double dependency with yield (#947)",False,,0,low,2,54,71,0.0,0.0,0.0,58,12,8,
tiangolo/fastapi,https://github.com/tiangolo/fastapi,2e0a10256584bbdf727d552ccdef66f54e66332a,Sebastián Ramírez,2020-02-04T05:31:01+01:00,:mute: Log email-validator not installed only when used (#946),False,,0,low,1,12,6,1.0,1.0,1.0,262,2,2,
tiangolo/fastapi,https://github.com/tiangolo/fastapi,957313063076e345771eb24e98cbdc9fc2f1f641,Sebastián Ramírez,2020-02-04T05:41:42+01:00,":white_check_mark: Lint first in tests, to error out faster (#948)",True,,0,low,1,2,3,,,,0,0,0,
